y_true,y_pred
130000.0,99393.99962644192
476999.0,269498.40857021976
425000.0,457518.41114038485
700000.0,650541.52168752
110000.0,105839.90972576919
650000.0,493720.1527724276
229999.0,250979.6748672553
150000.0,179913.28445199298
130000.0,108934.73009665274
150000.0,162658.18175331652
250000.0,192994.99310353352
350000.0,405426.98068845074
395000.0,357257.68639305787
890000.0,661985.4140858293
900000.0,870144.1068890002
300000.0,349906.6962837563
275000.0,234654.4981350509
475000.0,415239.9226984015
1165000.0,1187110.1658469678
170000.0,140453.10338691354
531000.0,611449.8138063392
300000.0,332973.8896156376
540000.0,442636.305813398
600000.0,652943.0576430026
246000.0,196262.88179402615
650000.0,539425.0564302313
990000.0,1130853.754274824
575000.0,631382.7256070564
270000.0,323459.1780228908
550000.0,607387.5043211811
50000.0,49904.00915013238
3800000.0,3821278.379724404
2150000.0,284464.0324794429
390000.0,344458.716376342
650000.0,593482.4403589568
120000.0,107527.2527132335
221000.0,239291.72253252091
438999.0,484645.4703935822
425000.0,529477.3082265804
450000.0,518818.8206361723
360000.0,414537.2109349751
200000.0,284278.09867635445
65000.0,71994.9812336881
540000.0,546590.5450358032
550000.0,547227.3471270452
960000.0,861110.4874758637
725000.0,546720.2041548366
240000.0,298934.81790820573
960000.0,863146.7039786077
120000.0,152957.72871256561
667000.0,654966.9069735954
290000.0,322269.414717329
350000.0,254313.87652319318
250000.0,225753.40384322635
650000.0,817064.9306489009
475000.0,476271.37783288345
750000.0,754798.588791678
860000.0,781980.4770609692
225000.0,236562.46709793762
1090000.0,895928.5257702792
570000.0,620908.6256699235
575000.0,675124.6898082205
190000.0,194445.47860258273
320000.0,316394.28903389093
345000.0,301649.00106882193
525000.0,531565.3776384215
305000.0,302399.46534809563
120000.0,112495.95254355075
315000.0,273597.27724725404
667000.0,868461.3765455498
5150000.0,5160286.142578682
530000.0,479778.4592421509
650000.0,731239.4728268085
700000.0,609545.2646439663
150000.0,93807.11141229856
425000.0,371797.88566030975
750000.0,1170431.6639977184
459999.0,534378.580614951
229999.0,347558.43013288954
5830000.0,5682067.414074782
300000.0,280551.3497831648
170000.0,155901.65378921808
528000.0,608746.2037927252
450000.0,414710.5135267988
325000.0,319582.35826407396
170000.0,198837.46674304357
270000.0,244436.03681579046
650000.0,573868.3660774017
295000.0,303320.81643071905
204999.0,199283.81609349034
600000.0,602831.3931960783
411000.0,394947.86847085814
320000.0,305176.2368761081
650000.0,627952.2330385179
250999.0,255547.9382610701
550000.0,517754.0107194503
350000.0,306626.62854624505
170000.0,86286.69437894862
430000.0,445439.83697612176
290000.0,340687.50139933237
409999.0,383197.2685741025
270000.0,240005.33963572618
450000.0,326019.07433509844
220000.0,252496.58461572533
660000.0,658120.2314005111
380000.0,391580.81613274495
600000.0,636410.3432910712
450000.0,514388.06958054815
370000.0,352461.4537127536
409999.0,415933.05120377283
360000.0,286736.0810465549
779000.0,774980.9492137637
390000.0,383456.729139748
1700000.0,1821905.0696074306
730000.0,604823.6478600092
160000.0,164651.1195108253
800000.0,819780.4530162128
1050000.0,916288.3206595994
711000.0,690011.7003766496
475000.0,469534.71051398554
500000.0,567572.9452337301
775000.0,682967.7733049704
400000.0,369378.77011013223
535000.0,339341.61224900227
550000.0,547227.3471270452
600000.0,627876.4940784962
451000.0,360261.7718844617
650000.0,645073.2838722349
200000.0,188921.34260906884
810000.0,765892.2591657155
850000.0,926556.1020191964
270000.0,275748.45622409193
535000.0,247868.0012170045
285000.0,285647.86117687
800000.0,746884.3902632436
114999.0,140746.5137235914
600000.0,516160.6879327548
1400000.0,1162425.3012016893
175000.0,169815.27271439496
740000.0,742786.3955387386
675000.0,561733.648041508
610000.0,595786.7412942273
950000.0,897792.9360072188
374000.0,430042.8927802179
80500.0,107116.03831519357
409999.0,731869.5314869088
900000.0,595935.4637200602
600000.0,468327.9382214181
90000.0,105028.4544257658
520000.0,486851.62363948755
475000.0,443262.4949680298
500000.0,646816.2758527909
550000.0,560885.0803937715
625000.0,629354.1616081946
165000.0,108042.4184699055
325000.0,279979.54308900796
200000.0,183041.63958586028
400000.0,339564.1353926
310000.0,286515.1241081522
5500000.0,5481251.721787074
125000.0,125516.0929717463
210000.0,214370.11213297414
90000.0,101710.56030141418
100000.0,112916.61969754922
130000.0,77225.8780894172
187000.0,146436.64228017512
250000.0,221359.1992323871
650000.0,602240.4261747964
950000.0,847960.1286621894
698000.0,785022.8289669533
200000.0,211589.6118943212
780000.0,692357.593071245
125000.0,179828.61889814987
245000.0,245809.89244935673
500000.0,550001.9314306434
45000.0,47361.5347000048
409999.0,370475.67013398814
170000.0,196828.334724078
260000.0,316510.45553798793
580000.0,578080.7329178675
650000.0,752835.9279135823
434000.0,551452.6764209094
150000.0,161287.4326947146
270000.0,281421.42902465677
500000.0,624260.5428595339
221000.0,246441.26596543996
299000.0,328084.8145135006
185000.0,191478.17850350414
390000.0,455411.5546935782
645000.0,646378.4005001507
500000.0,262741.40528611944
500000.0,500018.30861844897
650000.0,494727.47466325824
150000.0,149697.10564452969
300000.0,236407.6520572175
80000.0,114703.79027562142
140000.0,104061.1671325784
1450000.0,1467181.8767279754
480000.0,483193.90351853636
340000.0,496072.65916172025
90000.0,83351.53680348078
450000.0,610794.3826566058
695000.0,721709.3015673314
750000.0,912188.8487781998
509999.0,455823.5782880128
670000.0,791800.3464179329
3200000.0,3197660.20779428
650000.0,346766.21820666996
715000.0,742055.6583053916
2711000.0,2660861.1048836545
150000.0,312518.02417241776
206000.0,186660.18982088447
420000.0,393551.7571963087
5150000.0,5160286.142578682
560000.0,638459.3690260553
600000.0,454510.91787423386
1000000.0,729284.7123306431
3200000.0,3197660.20779428
550000.0,575525.7812646902
300000.0,230232.69045412287
310000.0,336758.40123176604
950000.0,895477.1183989813
700000.0,665753.3484184699
660000.0,649782.8862232581
290000.0,312296.5297469394
740000.0,742786.3955387386
400000.0,410565.7668866848
160000.0,174791.25732867114
630000.0,608640.562627873
700000.0,723316.8402048874
700000.0,592816.1285481871
409999.0,146893.5323785954
265000.0,301980.54749398475
3200000.0,3197660.20779428
329000.0,298056.71566932544
450000.0,406069.65567681333
450000.0,370412.4530455366
430000.0,383287.68684096413
280000.0,329420.62146064476
1145000.0,939309.4212357269
600000.0,607562.7816608803
1850000.0,1765742.0448902678
450000.0,448461.4795380898
455000.0,491283.9949962073
80000.0,86873.03219185353
340000.0,383386.54516178585
5150000.0,5160286.142578682
600000.0,363931.0636810213
250000.0,149376.81872427269
503000.0,506993.41126567463
340000.0,367718.1458206687
2475000.0,2499831.0502776015
210000.0,184174.47664325344
250999.0,237797.53785166563
620000.0,498338.94125096337
198000.0,124094.79432849016
500000.0,551567.2164383361
409999.0,364766.5111234044
200000.0,274694.21569990896
300000.0,298223.2054046838
260000.0,286428.5718270312
100000.0,99001.58747368169
415000.0,584658.2581172395
310000.0,278642.1201250428
198000.0,213904.2942660237
999000.0,737750.2411989208
795000.0,632155.2400477588
130000.0,113283.98875885796
120000.0,153873.37868827107
660000.0,651337.469200065
310000.0,300216.2179509907
645000.0,646378.4005001507
240000.0,193450.1716474493
200000.0,243429.67236651722
310000.0,286868.6741525258
1525000.0,1555265.2683436344
325000.0,343068.4140674385
345000.0,453761.1271574279
120000.0,172764.3450479318
540000.0,577821.9317703228
1210000.0,984138.9865281052
3200000.0,3197660.20779428
440000.0,349619.95831303764
850000.0,742990.0655520516
484999.0,549073.2096328784
204999.0,220110.6167155416
160000.0,168863.8386945386
950000.0,1063037.046180834
800000.0,846428.086918491
450000.0,398381.25195104076
450000.0,466469.02726434
5150000.0,5160286.142578682
210000.0,140248.91139322845
248000.0,160824.50316445006
484999.0,561129.781522293
450000.0,336331.55138858577
350000.0,413292.704387924
250000.0,320704.2347691818
515000.0,570086.1137218294
110000.0,237617.64577045548
490000.0,541278.3202690331
295000.0,308012.4602813584
125000.0,146404.30057622597
645000.0,646378.4005001507
625000.0,629354.1616081946
5500000.0,5481251.721787074
229999.0,221270.2443558772
300000.0,199769.41636577906
530000.0,570654.7808169604
300000.0,278182.49393530365
2475000.0,2499831.0502776015
685000.0,681598.1387185128
85000.0,105863.54104673029
550000.0,507406.85907265055
643000.0,1238223.7926786507
509999.0,464953.9298758623
556000.0,627558.4539433948
810000.0,820951.7781810695
1149000.0,1256671.7357014155
974000.0,956270.7905524153
550000.0,480055.5449043721
215000.0,250116.53172682703
825000.0,847028.5651114654
650000.0,619742.6187658859
450000.0,508772.0778618487
635000.0,527010.3836066035
310000.0,256683.6856950341
480000.0,403406.61586554954
415000.0,349293.7458527365
999000.0,737750.2411989208
525000.0,379925.13465702144
225000.0,246915.12065864663
170000.0,233649.7395773533
650000.0,595904.5139378307
3000000.0,2942470.9922459903
280000.0,224960.6108947561
110000.0,119972.15362547504
600000.0,652670.026284686
180000.0,184015.19762682388
121000.0,120352.04258234982
779000.0,774980.9492137637
950000.0,786843.8841672434
280000.0,240740.19587099925
1100000.0,1050002.419346055
900000.0,1047253.7536597968
65000.0,72386.71065890265
320000.0,310133.2317052693
220000.0,168606.1447723901
85000.0,114421.9602598187
480000.0,422430.3666059738
300000.0,326346.81271494454
420000.0,495995.4243098429
600000.0,606650.7290383063
320000.0,294413.7393064009
750000.0,887212.5201867011
750000.0,685573.4183410634
750000.0,401989.9776094189
350000.0,438601.96910518804
300000.0,281814.46543965396
135000.0,157788.1262204727
3750000.0,2664244.6683747955
450000.0,490362.4262117388
310000.0,422918.7319100655
285000.0,345244.30771425925
395000.0,361378.57285843906
170000.0,190800.49018577446
700000.0,714242.1926091235
395000.0,336818.69401986344
425000.0,415315.43776243815
3800000.0,3821278.379724404
150000.0,128451.8537974071
599000.0,528108.9546118927
90000.0,79255.91656458261
86000.0,71919.55957384009
600000.0,532368.8274304789
600000.0,602045.2244267107
180000.0,142273.9725112785
400000.0,423003.83687492565
5400000.0,5481251.721787074
450000.0,358375.066395501
200000.0,193838.10795485578
495000.0,531676.5978007173
1550000.0,1545714.5643910863
125000.0,115281.11186350023
650000.0,654509.700513782
600000.0,576867.9264207551
459999.0,472115.5357320814
1680000.0,961546.8316965691
844999.0,760682.7903643219
210000.0,161110.37364241687
750000.0,742115.3645191463
825000.0,627125.5540869664
120000.0,134244.50328918354
645000.0,646378.4005001507
400000.0,229458.15108994851
140000.0,129351.47837276617
260000.0,211020.32955343227
300000.0,312838.97868964804
229999.0,214233.24157387664
380000.0,472130.9089106598
200000.0,174301.24414858234
200000.0,202600.3620516658
750000.0,628612.983221243
120000.0,127626.85626605024
750000.0,752351.1257087372
390000.0,421027.5185042266
370000.0,422589.8673127511
450000.0,374976.82488492795
3200000.0,3197660.20779428
819999.0,642810.6186164692
175000.0,232209.4586506408
1050000.0,727656.0329104628
575000.0,474028.7543388882
779000.0,774980.9492137637
1516000.0,1575540.15349691
350000.0,250607.33963254918
285000.0,362953.8469549711
780000.0,672788.2515396231
160000.0,160917.432051603
170000.0,211178.69665913744
250000.0,272326.67438110104
550000.0,449560.05946857866
440000.0,451255.07525843603
120000.0,58363.63524944615
400000.0,487150.82068946655
890000.0,827328.2303260469
415000.0,471946.602133393
750000.0,617009.2281726036
140000.0,133577.89017838897
210000.0,193479.13816056264
775000.0,677785.7619541362
200000.0,214695.0517886468
200000.0,227253.92758447735
610000.0,548561.7915185562
600000.0,626345.1892874431
500000.0,436390.25359163526
1100000.0,1040917.6228276629
450000.0,459511.5316355417
175000.0,177194.30817778528
250000.0,240966.4947099901
385000.0,531664.8401186242
585000.0,637737.2532777931
160000.0,167660.1825043604
300000.0,278642.1201250428
550000.0,629409.9634577981
350000.0,434620.0058780897
400000.0,391884.24725894735
550000.0,525381.0354926923
600000.0,554830.5820658632
749000.0,631383.9288715932
849000.0,852074.2770456525
5150000.0,5160286.142578682
3800000.0,3821278.379724404
350000.0,351308.402728622
700000.0,626338.8045257679
2600000.0,1699177.0651038457
400000.0,331800.2067582127
511000.0,479317.53954043775
95000.0,80586.49560315574
484999.0,396633.5209389657
70000.0,73512.32076595853
245000.0,257883.22257604988
3200000.0,3197660.20779428
500000.0,555483.4550821412
450000.0,407966.2025671016
499000.0,522189.7960930138
366000.0,380241.50104311795
690000.0,655514.7527677317
120000.0,83447.38635172794
500000.0,518892.7874713153
325000.0,199437.3739519257
1000000.0,871442.9958067789
630000.0,627379.879482913
250000.0,191459.0173360975
650000.0,621234.1259141472
520000.0,422787.4326281191
450000.0,486099.6739175995
1190000.0,1081173.1653616843
890000.0,694843.0210739035
450000.0,459511.5316355417
99000.0,105866.6775375988
400000.0,472501.75533293595
740000.0,742786.3955387386
305000.0,269736.29792583006
300000.0,332973.8896156376
400000.0,340526.69022173976
229999.0,222041.36708111834
160000.0,178962.27757328504
135000.0,147367.93370727246
650000.0,654509.700513782
800000.0,703811.701197428
400000.0,293369.88387030235
275000.0,358099.4957998673
250000.0,409494.76050658175
752000.0,691771.0323339213
530000.0,756373.1930226035
910000.0,942825.8216534914
750000.0,754798.588791678
750000.0,672255.5638048723
185000.0,181563.35270200323
175000.0,249772.1969943901
580000.0,434526.81176884327
2000000.0,1992977.2314266632
125000.0,158835.36202202315
245000.0,254682.21988277114
730000.0,692592.9879208286
110000.0,215153.31707580967
400000.0,421513.3970474477
380000.0,354222.01934732846
229999.0,277930.69304726075
2600000.0,2479386.728641775
300000.0,317132.672856725
275000.0,250470.7370913199
350000.0,324395.9967947165
599000.0,538499.1327236099
735000.0,674918.3324980317
265000.0,226373.78489527086
850000.0,977311.7603056001
550000.0,631015.1325899112
1850000.0,1462754.6963282295
125000.0,126221.91579107157
1350000.0,1304065.8130169995
60000.0,49657.392465804354
2711000.0,2660861.1048836545
950000.0,853528.3484885255
645000.0,646378.4005001507
800000.0,705848.2696677494
1825000.0,1508571.1321646124
2000000.0,1992977.2314266632
860000.0,989578.3447084636
330000.0,361102.325698871
470000.0,489686.2101464565
1800000.0,1838582.5774368648
600000.0,463127.83825495344
480000.0,414596.0856024549
600000.0,572357.97307888
645000.0,646378.4005001507
819999.0,886937.4546013474
561000.0,464234.7607473431
550000.0,544494.6780095163
579000.0,654899.6396407244
340000.0,281967.6516982497
229999.0,228020.69829712305
475000.0,540390.9250188037
650000.0,736740.279717896
450000.0,353229.5296278699
375000.0,541290.5220322773
1300000.0,838766.8572804725
625000.0,629354.1616081946
1250000.0,1368195.5382574855
925000.0,927583.5904205514
390000.0,304516.6829615814
110000.0,112004.53577374425
750000.0,542095.9136876153
500000.0,454861.0973374244
250000.0,259625.07715756292
5150000.0,5160286.142578682
180000.0,172432.19605443924
1295000.0,2082800.9241410096
500000.0,459305.61721137166
975000.0,712002.9481516993
350000.0,111437.4938509689
225000.0,260332.3626588091
450000.0,411324.9212278807
90000.0,86648.17745864355
850000.0,659949.6405116951
1650000.0,1693391.9180020373
285000.0,149873.41079621518
370000.0,247446.29660817067
150000.0,280782.269497375
465000.0,233983.25857043974
405000.0,537080.665944966
600000.0,543759.4642667786
90000.0,84022.04717804126
550000.0,378768.0681863173
400000.0,396401.0392064292
200000.0,160156.67211063654
315000.0,342465.0338028474
500000.0,523608.2928502932
509999.0,500236.3090866616
5200000.0,4887674.098732382
755000.0,767258.8529948652
650000.0,589732.0574701896
300000.0,313936.55038185086
750000.0,727411.0240667062
280000.0,332511.4485327715
450000.0,555161.1352660505
305000.0,433366.5708447466
45000.0,64251.75405198069
470000.0,469096.3579565969
890000.0,915673.3171590097
720000.0,670005.6219021936
195000.0,243200.7916535243
600000.0,557191.7634867418
480000.0,489414.9844736665
451999.0,435504.333204253
150000.0,179346.62591460146
300000.0,332973.8896156376
310000.0,295069.09800617176
229999.0,310097.682426684
90000.0,115435.82018736076
350000.0,340761.06444256054
3300000.0,3206007.900536287
450000.0,459511.5316355417
236000.0,246254.97133468054
58000.0,56015.45647810758
480000.0,442177.3672474363
550000.0,548708.7424502511
800000.0,789235.1877780615
150000.0,151648.9333926839
250000.0,181709.73011893337
310000.0,356145.31854578014
500000.0,532040.2169637863
165000.0,209871.76474362885
720000.0,787532.3157333093
625000.0,375730.8739358256
160000.0,96566.12834659276
227999.0,219363.24252543433
1000000.0,1070674.7565232876
350000.0,371965.1046966417
250000.0,343142.98092551465
550000.0,510513.1017935144
965000.0,910379.8933368926
2100000.0,1242030.1399889127
580000.0,605273.4662243483
100000.0,129335.20016725763
2625000.0,2660861.1048836545
2475000.0,2499831.0502776015
1200000.0,1116948.544068303
140000.0,118399.23729122258
600000.0,557747.7974293358
430000.0,348681.06790637184
170000.0,183243.53678300756
300000.0,277353.12754899444
5150000.0,5160286.142578682
310000.0,326346.81271494454
245000.0,243111.7122648568
100000.0,179845.77911155045
450000.0,321721.44285876467
95000.0,73944.69122750004
165000.0,174705.79535860012
345000.0,326483.0259344895
480000.0,408999.89354490157
750000.0,754798.588791678
1100000.0,905122.8992697478
229999.0,286126.2703153805
455000.0,505333.6249946119
225000.0,236562.46709793762
459999.0,489489.718721867
600000.0,516543.89120531274
350000.0,297245.1267611558
550000.0,523991.2299003386
40000.0,49307.36133920094
500000.0,523607.95169011335
610000.0,602521.8750573479
850000.0,771817.5437513436
100000.0,87970.04055484758
160000.0,175816.92309419977
400000.0,417818.3136179298
790000.0,763023.0809908025
351000.0,383184.08633872634
861000.0,766331.8525455751
90000.0,76637.29898171096
5500000.0,5481251.721787074
750000.0,860264.3551310519
590000.0,489991.9452434316
450000.0,395074.05116504914
490000.0,518489.02913852787
1475000.0,1613698.8023182119
215000.0,238989.72930556274
229999.0,251531.1889341353
700000.0,673271.5291647329
130000.0,133252.9992294912
500000.0,621370.4988092378
625000.0,629354.1616081946
250000.0,321530.3009839305
225000.0,236562.46709793762
211000.0,249018.07853173692
950000.0,517617.8449217657
350000.0,325186.57767629344
1200000.0,1131656.6616504542
590000.0,516252.9365343944
1025000.0,848242.379334679
400000.0,361117.50926242064
550000.0,601300.0273190096
600000.0,721875.3098851154
600000.0,612631.250555724
350000.0,274868.5555654022
68000.0,59030.66827456844
700000.0,647671.0795951142
267000.0,234364.3670289066
420000.0,309355.3546294963
360000.0,391580.81613274495
1000000.0,871516.8878772716
145000.0,102609.06387192899
65000.0,70826.7913530199
730000.0,486175.15022406605
2100000.0,2079000.3132782336
615000.0,594420.6840108567
671000.0,649063.4305336305
484999.0,441348.4554314415
285000.0,352526.55503388465
265000.0,301980.54749398475
300000.0,380851.67394493375
1550000.0,1635631.5162172841
500000.0,337851.0615569824
1050000.0,805272.2012214854
250000.0,164092.7100510323
120000.0,40267.64975669369
195000.0,225535.24924767512
300000.0,327816.6719618095
70000.0,58522.44210552303
60000.0,45909.208504436836
475000.0,542202.343703199
33983.0,61202.621355494535
500000.0,473834.6261752036
600000.0,574037.624919769
650000.0,629636.4569877257
550000.0,547227.3471270452
310000.0,310765.263362232
1282000.0,1312894.7981604293
135000.0,181052.6732480593
1380000.0,1453137.1080032412
860000.0,894776.7141050262
325000.0,253812.09199923807
500000.0,588984.6488800879
3800000.0,3821278.379724404
500000.0,380577.2340083217
320000.0,320589.4248203393
779000.0,774980.9492137637
400000.0,373633.34715781856
350000.0,365656.3895881924
570000.0,577045.5940180594
563000.0,563579.0931352471
495000.0,322442.159414077
950000.0,1000963.0859545887
475000.0,469965.8051220669
757000.0,750074.6753238358
600000.0,658666.2547830722
50000.0,50134.37075108434
660000.0,640580.6956461326
350000.0,386085.1502489774
620000.0,552780.9941969296
440000.0,460309.9104964956
352000.0,356339.99569110986
600000.0,606650.7290383063
950000.0,1000687.1977168714
448000.0,441750.81298863905
459999.0,396749.6166069843
42000.0,47183.749530129026
300000.0,231855.22983616815
140000.0,158383.2251348676
2475000.0,2499831.0502776015
900000.0,1111073.490316954
550000.0,415454.6530075373
721000.0,682201.0099385922
500000.0,480321.1304681614
250000.0,233261.44853052514
340000.0,352296.1496548612
292000.0,353995.00099278375
360000.0,396506.88418531464
250000.0,254313.87652319318
625000.0,547903.9947738224
600000.0,636564.0701152618
380000.0,375549.84308903315
70000.0,77172.33686912873
755000.0,708145.4577349324
850000.0,956675.1158534529
318000.0,297346.51574266475
150000.0,175067.1233449797
625000.0,641147.1465103265
210000.0,237283.30946660592
680000.0,638827.3770981124
350000.0,446762.57409281086
250000.0,194782.90561379562
750000.0,695948.5677754763
640000.0,607535.0889466668
740000.0,742786.3955387386
110000.0,164110.29849591234
950000.0,856489.4398103792
290000.0,423969.53484475904
245000.0,161534.9236431605
250000.0,248704.33130476295
650000.0,600406.3124951562
300000.0,402740.333294127
3200000.0,3289035.472165286
300000.0,302447.32701814326
300000.0,271016.64461357956
600000.0,572863.0181176333
145000.0,76431.52626555123
450000.0,459511.5316355417
120000.0,140101.16622142284
1149000.0,1256671.7357014155
180000.0,195516.34996762552
585000.0,431810.5897986693
290000.0,301398.57428626803
185000.0,194621.31880480258
150000.0,141715.8146218608
730000.0,658378.5600483418
620000.0,600948.9427677067
625000.0,657901.5954593265
155000.0,156318.7393401526
240000.0,336789.9329749359
60000.0,86096.45853356537
120000.0,162196.02796588856
140000.0,154044.77801755504
1200000.0,1156943.1819573005
150000.0,145270.21189411727
229999.0,256911.5282490133
355000.0,320813.3787966432
570000.0,602045.2244267107
425000.0,370972.85149928316
500000.0,285528.2783038723
372000.0,650161.1695853653
425000.0,447170.6153535944
140000.0,165245.1123791301
779000.0,774980.9492137637
180000.0,209438.05220340387
85000.0,123864.16387790933
215000.0,215064.62476611687
450000.0,459511.5316355417
150000.0,85953.63942483028
170000.0,225196.16959599577
300000.0,273669.629947167
350000.0,312954.6937881521
110000.0,113896.69801416142
400000.0,352595.9896263792
440000.0,387394.1284648828
229999.0,276756.36582268286
550000.0,547227.3471270452
300000.0,269673.0154450013
690000.0,637924.7570589163
479000.0,617723.314895502
450000.0,459511.5316355417
98000.0,96471.82722925057
1282000.0,1312894.7981604293
340000.0,325834.5321113451
520000.0,539425.0564302313
1125000.0,814915.4749292486
793000.0,703588.2436958316
480000.0,506282.3825357978
525000.0,565969.5751610757
600000.0,546465.2011373752
3200000.0,3211353.388178718
110000.0,95853.37435752222
1270000.0,1238755.4558896767
975000.0,887538.46073845
530000.0,473613.83159467415
450000.0,420146.4700999457
310000.0,372165.7488614389
80000.0,73299.25958970879
220000.0,190950.23644722946
235000.0,234221.34406725594
390000.0,371789.27239598177
325000.0,355210.5364256022
200000.0,58914.68809618502
380000.0,406431.771191277
600000.0,565404.7747135215
275000.0,267352.00595617545
225000.0,236562.46709793762
625000.0,568271.5742366709
140000.0,194284.61778017136
500000.0,529882.7341167378
700000.0,586464.5432248164
299000.0,360247.397837033
4500000.0,3498221.016633255
110000.0,224444.07732357387
275000.0,264950.7101687145
80000.0,65739.2254384715
570000.0,659764.0096105835
550000.0,554197.741509281
779000.0,774980.9492137637
395000.0,336818.69401986344
425000.0,535360.0500820478
570000.0,564319.4739941488
340000.0,349302.65436079516
550000.0,442533.9203394213
1025000.0,891561.7614350412
425000.0,411119.2032674633
150000.0,136981.27049185106
500000.0,347793.323601694
280000.0,167453.98096205594
2475000.0,2499831.0502776015
225000.0,216404.7564752084
430000.0,455037.82834181644
1100000.0,814915.4749292486
395000.0,509341.0075588568
280000.0,338805.16255467414
260000.0,253928.64601083752
200000.0,220592.33653357055
95000.0,80964.18544319936
246000.0,265779.5992160017
250000.0,304328.30472530116
165000.0,199947.70586851324
520000.0,572193.365575445
650000.0,489821.6474365722
450000.0,430259.65267098806
690000.0,683215.0295112625
1000000.0,1246969.845089916
245000.0,292272.69338891667
360000.0,373069.2988753631
1025000.0,919344.5631062347
395000.0,396383.6914997738
270000.0,295069.09800617176
110000.0,47991.47302582319
5400000.0,5481251.721787074
950000.0,571595.2812589821
450000.0,557684.5072508868
500000.0,570506.7776875057
128000.0,123019.12926641351
150000.0,139177.4001278928
60000.0,63542.995462459956
2711000.0,2660861.1048836545
1650000.0,1719649.5472124936
250000.0,240632.6142642237
190000.0,187376.15573404907
65000.0,112495.95254355075
580000.0,466040.00135725114
465000.0,430864.13809496275
1200000.0,1035727.750707553
100000.0,128585.79464142161
195000.0,212508.2682209705
630000.0,563650.5057304904
600000.0,730385.4204911152
240000.0,211953.58432096557
345000.0,399547.52133796894
290000.0,269353.5131167083
710000.0,764181.5468192012
300000.0,280131.41244115966
325000.0,412894.9031272757
800000.0,756570.6565642676
625000.0,629354.1616081946
600000.0,626345.1892874431
225000.0,262235.3516841408
625000.0,605064.3443307611
254999.0,228083.697593088
310000.0,219048.93917197207
132000.0,162829.02272864184
791000.0,747125.011994571
120000.0,82850.08521336845
180000.0,133081.66661319096
150000.0,261094.89288032608
550000.0,547227.3471270452
300000.0,258959.98993205038
250000.0,119234.99151257296
975000.0,839290.6305846379
690000.0,631333.3875363747
600000.0,724236.4117535779
220000.0,217284.757742814
1050000.0,1083598.490200678
545000.0,627046.2384001744
325000.0,212408.5776032884
611000.0,558919.5421560819
270000.0,265036.0561152664
1025000.0,934326.3497876824
480000.0,496773.41695487185
310000.0,245685.8282416646
580000.0,693329.3653254793
180000.0,209313.80212764986
335000.0,361030.722522384
509999.0,485006.4531126031
650000.0,653806.4588080038
275000.0,217885.5807175977
600000.0,450743.59720152966
2375000.0,2439260.4745372604
210000.0,134640.31323951474
2475000.0,2499831.0502776015
3200000.0,3197660.20779428
575000.0,624150.7916363501
570000.0,796475.6853764361
65000.0,99702.32001676132
45000.0,72893.44049322321
365000.0,449411.6750320572
503000.0,506993.41126567463
215000.0,215064.62476611687
450000.0,405762.4208337155
320000.0,315740.63577459037
340000.0,320266.9350963462
750000.0,754798.588791678
715000.0,624565.1012619179
400000.0,374574.8991807808
235000.0,205437.67180142197
300000.0,292579.68990115507
700000.0,719216.6320165481
215000.0,226821.8630485846
270000.0,237303.30568166001
775000.0,745702.7522348256
1140000.0,1091545.9055191376
550000.0,522855.8324272092
950000.0,773096.2726164846
300000.0,319669.66245231836
459999.0,340500.8461174611
150000.0,142300.3339981223
290000.0,319389.4750161686
550000.0,523978.6311123221
480000.0,428411.8537762009
150000.0,154370.5941382309
99000.0,96821.44099820439
150000.0,167504.3284768929
700000.0,562939.74266088
1025000.0,1233689.7656481874
455000.0,458471.5679355675
420000.0,503611.42155520007
750000.0,754798.588791678
600000.0,601764.2449680347
611000.0,607714.582210309
550000.0,547227.3471270452
320000.0,311588.65399725956
495000.0,471298.9191489779
317000.0,297196.3530555472
640000.0,573412.0061555456
325000.0,357703.6792711941
240000.0,259653.90712887168
600000.0,682998.8235477321
445000.0,465308.7941264293
210000.0,228933.0610212621
600000.0,557822.7817703594
420000.0,395346.08660702856
741000.0,916272.6759512215
400000.0,608875.0608627379
525000.0,601328.87114012
350000.0,372736.23728076904
780000.0,763423.5660676195
484999.0,457467.9005744182
885000.0,721770.1370252421
3975000.0,3898793.2069637943
150000.0,99888.73369660867
450000.0,400274.55124628433
399000.0,383884.87833893235
290000.0,276900.6697330634
300000.0,291024.9880361909
375000.0,469974.46047909517
380000.0,403914.37037583435
215000.0,158274.36176225558
580000.0,567679.2388705728
375000.0,327096.9436588613
525000.0,433661.6288719532
135000.0,141773.33156373777
740000.0,742786.3955387386
475000.0,490803.26512323075
2900000.0,2674124.685546711
300000.0,295494.8205156255
240000.0,251390.1227863915
150000.0,233194.15648209277
350000.0,321314.110467955
650000.0,1057925.209399754
1050000.0,1180524.7346114628
509999.0,556107.6821785963
100000.0,115936.86134705941
80000.0,82304.27802132994
3200000.0,3197660.20779428
890000.0,799650.8742897875
1100000.0,745300.8770079862
779000.0,774980.9492137637
2475000.0,2499831.0502776015
220000.0,235001.02746830578
175000.0,166993.61299444136
125000.0,101017.18917058385
280000.0,322526.58309125795
325000.0,417654.2199784871
300000.0,326346.81271494454
1898999.0,2798348.543498951
3800000.0,3821278.379724404
5400000.0,5481251.721787074
430000.0,459122.1039908756
270000.0,293822.2572448306
650000.0,588664.6455708521
750000.0,626200.9280625811
330000.0,332544.5085269258
450000.0,470036.4062174468
335000.0,329590.4232247738
240000.0,275775.48981705523
450000.0,437317.2048285333
70000.0,68047.81200376521
790000.0,749050.4663393236
350000.0,354283.86031211965
70000.0,75283.96413099901
180000.0,224869.8154866532
500000.0,420732.3257230526
235000.0,219765.92335762782
80000.0,128901.89029768201
245000.0,325573.1312465843
229999.0,146838.63582433166
750000.0,690764.6958453078
900000.0,1023937.32443048
375000.0,368813.0879476014
470000.0,469096.3579565969
200000.0,113641.45553314376
670000.0,662956.8948249219
145000.0,106286.68662621868
450000.0,417188.7432238519
1689999.0,2811843.366715203
325000.0,396457.3816930386
45000.0,65075.10698566557
70000.0,75283.96413099901
1000000.0,991692.0786529159
530000.0,602316.6570248154
725000.0,761490.3710347443
450000.0,506548.1999941045
118000.0,104250.38751651687
110000.0,104991.37544820555
650000.0,651782.1810141293
600000.0,667039.7737862793
60000.0,53780.22220352719
700000.0,585882.1525122805
160000.0,190717.0822123982
360000.0,407639.13777044415
300000.0,334685.6393987018
509999.0,488576.98967598483
300000.0,148395.9643374244
490000.0,541756.4676455394
295000.0,259108.88830480393
150000.0,150572.29669253936
275000.0,125890.6774397444
275000.0,296398.43714995304
500000.0,491309.45685688604
850000.0,754791.761679588
700000.0,570517.1379457898
315000.0,274236.6525075883
459999.0,485933.34500951174
200000.0,181920.85988616242
400000.0,369595.7504110195
60000.0,78807.26762487611
268000.0,300639.6559380826
200000.0,161085.96825412143
530000.0,424677.3593728401
170000.0,147513.68927012608
200000.0,140352.12698462757
181000.0,197835.4491166039
375000.0,193423.38880638377
1300000.0,838766.8572804725
180000.0,150324.633617372
615000.0,646807.6409128538
900000.0,928672.7695944682
1300000.0,1369125.5620712673
180000.0,236244.7268422711
310000.0,376454.04663774616
650000.0,611093.4078845193
610000.0,595786.7412942273
320000.0,347965.78158049734
400000.0,397685.88094125415
750000.0,762417.0451197845
120000.0,84881.18182754554
170000.0,183278.84306161402
5500000.0,5481251.721787074
430000.0,438094.0593567991
160000.0,218660.07940956482
330000.0,343800.96040699
280000.0,243269.42839354256
70000.0,66203.79032301523
475000.0,576004.4253877914
1900000.0,1647976.499371533
720000.0,874293.1551180815
550000.0,446483.9092078942
215000.0,263934.8203475949
285000.0,364103.45343357354
730000.0,665270.9875875093
145000.0,173639.0701461818
200000.0,164725.6346673327
1800000.0,1753019.2025361718
500000.0,446791.0812980281
325000.0,332099.4057829197
204999.0,294536.93535452726
295000.0,316287.04152872803
250000.0,238204.17261753048
580000.0,467623.8069882752
40000.0,49988.2751629062
750000.0,754798.588791678
60000.0,70079.32323362405
715000.0,742055.6583053916
240000.0,273648.60851746507
575000.0,474751.91602084076
1400000.0,1432600.2419411894
409999.0,380475.5682639849
740000.0,763023.0809908025
571000.0,659519.857297741
125000.0,125502.88687074636
445000.0,565876.6052999787
350000.0,295993.3887106946
549000.0,580059.3627096238
220000.0,315434.27154223586
346000.0,465428.3739629407
525000.0,619658.8316497264
649000.0,573182.4911133271
400000.0,370222.3858470423
455000.0,459940.2317435027
1100000.0,870835.9342230186
120000.0,105177.40710827983
484999.0,557167.9071114403
275000.0,279680.488033193
185000.0,173814.1476343535
395000.0,304939.8704124843
2711000.0,2660861.1048836545
310000.0,316634.2808017697
300000.0,289899.6899387726
260000.0,229050.80896756973
450000.0,417040.94859634247
1100000.0,865864.3533237845
200000.0,158930.0976932481
280000.0,290466.79815173615
750000.0,686395.7337541665
138000.0,182254.02231179088
409999.0,278619.833757721
1900000.0,1647976.499371533
350000.0,355370.76282287185
590000.0,570386.6183784057
200000.0,192294.387214466
350000.0,323500.744064563
385000.0,435660.547083925
165000.0,190104.81832167137
275000.0,251180.65364518145
503000.0,506993.41126567463
2711000.0,2660861.1048836545
400000.0,385394.998294809
311000.0,209855.7851172983
350000.0,213296.82778987827
650000.0,654509.700513782
645000.0,646378.4005001507
2000000.0,1992977.2314266632
250000.0,215423.12834089354
475000.0,424283.8479552119
130000.0,156998.61836205752
950000.0,868400.367126084
520000.0,484050.13103678817
200000.0,233553.38695348703
650000.0,545541.2112852798
220000.0,268303.67351473076
420000.0,368169.167108479
45000.0,45795.89406010225
425000.0,471103.70531042287
750000.0,754798.588791678
610000.0,599856.5624006493
160000.0,168863.8386945386
210000.0,161759.7233996989
5400000.0,5481251.721787074
375000.0,324979.4122929883
600000.0,540100.1723185349
550000.0,504541.3309918279
1590000.0,1715646.6028928256
200000.0,243261.59044769968
725000.0,796705.5896241383
500000.0,458957.4282820118
700000.0,641047.718361564
160000.0,197710.5218816042
600000.0,469000.6606697069
525000.0,511242.1738255575
850000.0,727371.1998382669
225000.0,230575.81068166014
750000.0,572640.4429469177
200000.0,168459.35451084407
2575000.0,3391137.1630669385
2550000.0,2761846.4718685984
421000.0,349228.2225457164
125000.0,90568.63999728624
200000.0,214655.38379426653
375000.0,329330.1498376814
2700000.0,2950375.34151752
350000.0,277914.10501458385
320000.0,287822.5897714707
550000.0,432456.53591728566
550000.0,519028.4981611813
625000.0,629354.1616081946
240000.0,326239.7141102381
300000.0,279734.0023781217
1050000.0,808739.7693592538
1150000.0,1518570.8974702212
651000.0,775881.1674449426
310000.0,330337.7431919192
509999.0,542137.1857866558
4100000.0,4358411.632482814
620000.0,652161.1452682273
220000.0,259395.4298332961
260000.0,266637.3012414671
825000.0,773365.182688892
375000.0,364620.00181156205
210000.0,218852.47387904234
5150000.0,5160286.142578682
550000.0,473476.99094577786
180000.0,160128.34713396197
110000.0,120838.9494242522
750000.0,819298.6831428944
5150000.0,5160286.142578682
480000.0,483193.90351853636
400000.0,367534.4556174942
600000.0,622471.9812660213
320000.0,267479.27428838203
421000.0,424866.28369525605
740000.0,742786.3955387386
400000.0,519118.3711709293
250000.0,175062.83385206986
700000.0,615910.7712167742
600000.0,550755.318811471
600000.0,730675.0928589144
825000.0,834122.8817703646
50000.0,53472.07631906496
200000.0,146520.00737191798
756000.0,725170.2001273461
650000.0,669587.0690848678
350000.0,352595.46605867345
250000.0,262882.15217845526
108000.0,59599.947903007785
1180000.0,1147072.3657508935
300000.0,244313.28346255334
459999.0,400084.67401753145
280000.0,304935.5226538301
325000.0,319492.04129615094
900000.0,678805.0061347734
1050000.0,992812.7367529864
65000.0,40407.768124475006
2064000.0,1731650.662905271
320000.0,371717.6403557225
925000.0,864888.7326046892
550000.0,693066.5893545289
700000.0,666117.3583564216
215000.0,116822.20598500351
520000.0,475764.6388960409
380000.0,341639.4767647852
125000.0,137409.58809619263
361000.0,327096.9436588613
350000.0,366927.4902091113
215000.0,246455.65979894635
579000.0,515656.0125201654
362000.0,369651.19456540945
225000.0,236562.46709793762
1600000.0,1677445.8057655643
450000.0,459511.5316355417
350000.0,402557.4474691167
2800000.0,2796439.4654097497
330000.0,441469.83742044395
100000.0,59206.26227204116
300000.0,183690.9225242433
700000.0,584870.8668007789
625000.0,629354.1616081946
3500000.0,1511056.533737478
170000.0,175157.13449765433
550000.0,486950.6354729419
2711000.0,2660861.1048836545
850000.0,949783.7032567009
360000.0,372158.39677027566
450000.0,459511.5316355417
175000.0,104502.38700695374
200000.0,83351.53680348078
200000.0,310914.3373751442
225000.0,214134.91827478542
750000.0,751212.8516224016
409999.0,562414.1392335806
50000.0,117403.61781959048
376000.0,229295.42766018191
400000.0,336669.41183255217
585000.0,619880.4345624294
750000.0,754798.588791678
140000.0,221783.08229499686
600000.0,530034.0659190648
819999.0,849502.2300585711
200000.0,209969.37558804452
500000.0,529986.7291954022
450000.0,421018.3645525332
380000.0,435107.0545006604
470000.0,632669.2318924275
385000.0,371033.5937591386
170000.0,134294.1608671314
300000.0,334022.9943111078
450000.0,422317.4157002054
1000000.0,1117141.6221375675
335000.0,344555.0903495145
810000.0,846799.6793635772
503000.0,506993.41126567463
250000.0,245027.30732096365
575000.0,773699.2545269182
46000.0,60066.78188538232
1800000.0,1729972.583592527
165000.0,121212.67704595704
580000.0,541672.7683822392
650000.0,645073.2838722349
1295000.0,1411864.3888045857
140000.0,158383.2251348676
175000.0,175585.77675131703
260000.0,331609.75807238347
3975000.0,3898793.2069637943
280000.0,291662.61588748585
670000.0,619563.1656091528
380000.0,286590.6217389375
775000.0,612531.6163721691
246000.0,210968.40855947637
530000.0,570654.7808169604
779000.0,774980.9492137637
565000.0,559615.322667736
503000.0,506993.41126567463
655000.0,690926.1963307154
250000.0,151394.44187717533
80000.0,47767.401720475886
450000.0,459511.5316355417
575000.0,585081.3236234238
40000.0,49037.87293214825
1500000.0,1167604.2575551711
480000.0,420524.9534286229
275000.0,327536.0501947714
850000.0,709121.3224133867
610000.0,639083.6269053898
360000.0,328335.62593453523
625000.0,554197.741509281
450000.0,514388.06958054815
503000.0,506993.41126567463
300000.0,294265.7397416332
600000.0,606650.7290383063
260000.0,286773.9039683535
200000.0,260366.62410502404
1380000.0,1445653.6503374649
325000.0,287206.0322217062
795000.0,699093.4799636076
509999.0,539380.9494321715
725000.0,848717.4028707015
210000.0,247812.75560829006
700000.0,715531.6455628613
440000.0,485200.2277834904
421000.0,299131.6558642407
2000000.0,1992977.2314266632
975000.0,986827.2195806765
420000.0,371724.1091826501
163000.0,143560.97676815197
291000.0,353696.8849945684
365000.0,320694.36671260267
550000.0,574016.9878951904
125000.0,88585.50920333593
115999.0,113710.31941228657
590000.0,562407.8979315759
5500000.0,5481251.721787074
355000.0,258496.31497949548
400000.0,171935.1042192933
700000.0,690926.1963307154
634000.0,549720.6597564818
250000.0,238554.2890378445
450000.0,507214.16883072123
550000.0,584608.2240050343
600000.0,603571.8863770164
360000.0,484211.8217939538
700000.0,647927.7164823413
400000.0,321867.53160126175
290000.0,251343.8450629967
160000.0,207037.91111644937
199000.0,245128.39117520748
500000.0,486851.62363948755
350000.0,239995.98054748194
650000.0,554492.3256368246
445000.0,473613.83159467415
150000.0,166182.37500499695
400000.0,397969.32422656246
520000.0,560282.6422450142
160000.0,164679.88496474273
1050000.0,945427.6610596575
3200000.0,3197660.20779428
775000.0,817119.9546831712
250000.0,240254.50252658004
875000.0,831609.1646807858
315000.0,266637.3012414671
240000.0,222529.18929925462
60000.0,74741.96912680955
1850000.0,1784740.6538639066
282000.0,299488.70720771607
894999.0,769513.1064533514
675000.0,784872.0130768247
525000.0,717753.9998996141
185000.0,121558.57768024848
225000.0,236562.46709793762
690000.0,697425.3767446211
260000.0,175634.01350550164
750000.0,754798.588791678
690000.0,665629.2136735298
150000.0,143427.03079199366
400000.0,291688.4587219008
565000.0,466704.19402861665
90000.0,61123.838221795784
720000.0,771334.2094865764
325000.0,370614.4886311464
500000.0,571703.6064837232
350000.0,435150.5180511235
1175000.0,1081727.6552015124
434999.0,473156.8074591441
850000.0,722095.1552071521
50000.0,80203.84310577673
270000.0,293393.13103303243
860000.0,1024783.9322929471
280000.0,296223.05999537586
70000.0,84202.82315911002
225000.0,262235.3516841408
1520000.0,1719493.1197177772
720000.0,822086.8633362144
190000.0,184877.3011675998
280000.0,245734.57857858497
265000.0,270570.6578919452
585000.0,526543.7342046091
229999.0,174490.06235511773
130000.0,136711.46482107014
625000.0,629354.1616081946
325000.0,350609.080038869
56000.0,78828.85877071302
750000.0,530871.5210320966
925000.0,897424.9068148552
550000.0,625095.4559798369
120000.0,148481.27040252404
200000.0,217720.63577827215
400000.0,267704.665860612
850000.0,1005816.7291419419
450000.0,402211.9876484091
425000.0,291338.9406010653
2475000.0,2499831.0502776015
100000.0,114938.8673840522
2150000.0,1952343.741478619
764000.0,807385.7754488768
210000.0,236950.71037544202
950000.0,843966.9508548226
600000.0,577851.7251397191
350000.0,411481.83440691564
250000.0,328332.9808807144
150000.0,124214.78736421416
120000.0,143751.22093380056
360000.0,374311.609035582
700000.0,666117.3583564216
409999.0,364766.5111234044
1000000.0,1180723.7807253054
175000.0,223613.79165859937
800000.0,632069.3560996914
215000.0,225579.21795061557
650000.0,506723.39979785663
850000.0,776137.3882410188
215000.0,228507.28929966714
1350000.0,1309624.1084258785
750000.0,754798.588791678
600000.0,606650.7290383063
225000.0,223735.94203705015
320000.0,233171.55979127475
800000.0,604779.5153601128
310000.0,323459.1780228908
869999.0,634440.9849649023
645000.0,646378.4005001507
400000.0,458660.68690154306
420000.0,445681.50992164266
2850000.0,3143852.0525605185
390000.0,320690.3768102776
160000.0,206175.4682805796
615000.0,614666.1650088963
550000.0,586315.2311008822
150000.0,190655.56889921456
1800000.0,1729972.583592527
229999.0,219423.94870122377
500000.0,466861.3613914594
50000.0,62318.104144074445
95000.0,272134.6203854259
330000.0,338121.27629982424
625000.0,629354.1616081946
1750000.0,1782498.227388943
560000.0,407770.10759241943
450000.0,467332.6458481
455000.0,438437.7966322832
580000.0,665552.8975498732
185000.0,179727.9491865675
925000.0,976670.940951958
200000.0,168931.05664397168
740000.0,742786.3955387386
670000.0,676324.9106166969
910000.0,838644.6811326601
330000.0,399725.44984402147
225000.0,274984.33653945953
170000.0,117552.99196973939
280000.0,335927.9865178768
675000.0,752230.6134793704
625000.0,641298.8123164029
610000.0,587819.163699177
560000.0,602082.6359855543
700000.0,673352.6404560385
210000.0,256719.92845861719
325000.0,333568.193523844
1225000.0,1023622.4844998091
570000.0,423873.26608347456
70000.0,106428.25244219725
515000.0,461477.55736594717
650000.0,674432.4102775244
310000.0,353639.5318818307
170000.0,172434.62662847707
225000.0,144810.91727339107
320000.0,382731.12048680277
570000.0,560454.3546759901
540000.0,490461.87484346196
850000.0,799198.827505668
465000.0,418809.9786558012
509999.0,572452.011183058
225000.0,203752.32316137242
950000.0,1007125.7610465444
925000.0,812881.034403528
725000.0,795095.7345072167
550000.0,547227.3471270452
600000.0,633941.2984259399
600000.0,498940.6183814894
515000.0,621304.4245718862
300000.0,278885.93861905683
700000.0,578529.9107775722
1750000.0,1630612.4479138947
400000.0,279825.374461731
275000.0,285584.51896742894
445000.0,481276.57851069915
280000.0,336708.4609944233
650000.0,545669.7404043693
375000.0,314796.2811899772
620000.0,594239.4376306379
980000.0,870075.538840461
110000.0,87283.58586350094
650000.0,654509.700513782
210000.0,238793.5435593205
1460000.0,1374574.7191301498
325000.0,336915.5897274911
300000.0,348034.8484962065
580000.0,678075.6867193867
360000.0,365729.8073860661
520000.0,503475.6560122922
1075000.0,1122122.5173130077
490000.0,446912.76759855397
700000.0,610064.4140022964
919999.0,705758.3371556058
250000.0,213020.4074172781
475000.0,486120.2216802623
675000.0,647238.875017829
779000.0,774980.9492137637
370000.0,514024.0014374238
740000.0,746476.8970953035
340000.0,363015.13594808686
